symbol,isin,trade_date,exchange,segment,series,trade_type,auction,quantity,price,trade_id,order_id,order_execution_time
KPL,INE552U01010,2025-10-31,BSE,EQ,EQ,BUY,False,2,881.0,98900.0,,
KPL,INE552U01010,2025-10-31,BSE,EQ,EQ,BUY,False,3,881.0,109500.0,,
542669,INE374E01021,2025-10-31,BSE,EQ,EQ,SELL,False,100,44.23,3223000.0,,
POLYPLEX,INE633B01018,2025-10-29,NSE,EQ,EQ,BUY,False,5,981.6,403446927.0,,
PNCINFRA,INE195J01029,2025-10-27,NSE,EQ,EQ,BUY,False,10,283.25,400977994.0,,
POLYPLEX,INE633B01018,2025-10-27,NSE,EQ,EQ,BUY,False,5,975.2,400963787.0,,
INOXWIND,INE066P01011,2025-10-27,NSE,EQ,EQ,SELL,False,19,153.06,207807899.0,,
INOXWIND,INE066P01011,2025-10-27,NSE,EQ,EQ,SELL,False,10,153.06,207807900.0,,
INOXWIND,INE066P01011,2025-10-27,NSE,EQ,EQ,SELL,False,1,153.06,207807901.0,,
INOXWIND,INE066P01011,2025-10-27,NSE,EQ,EQ,SELL,False,51,153.04,207807902.0,,
INOXWIND,INE066P01011,2025-10-27,NSE,EQ,EQ,SELL,False,12,153.04,207807903.0,,
INOXWIND,INE066P01011,2025-10-27,NSE,EQ,EQ,SELL,False,46,153.04,207807904.0,,
JINDALSAW,INE324A01032,2025-10-27,NSE,EQ,EQ,BUY,False,30,178.0,208297780.0,,
KPL,INE552U01010,2025-10-23,BSE,EQ,EQ,SELL,False,5,906.05,6972000.0,,
AARTIIND,INE769A01020,2025-10-21,NSE,EQ,EQ,BUY,False,5,375.75,922465.0,,
POLYPLEX,INE633B01018,2025-10-17,NSE,EQ,EQ,BUY,False,6,975.3,402467701.0,,
TATAMOTORS,INE155A01022,2025-10-15,NSE,EQ,EQ,BUY,False,5,391.2,605194272.0,,
PNCINFRA,INE195J01029,2025-10-14,NSE,EQ,EQ,BUY,False,20,284.8,400026912.0,,
POLYPLEX,INE633B01018,2025-10-14,NSE,EQ,EQ,BUY,False,1,998.0,400026916.0,,
POLYPLEX,INE633B01018,2025-10-14,NSE,EQ,EQ,BUY,False,4,998.1,400026917.0,,
BAJAJHFL,INE377Y01014,2025-10-14,NSE,EQ,EQ,BUY,False,20,109.27,29107.0,,
TATAMOTORS,INE155A01022,2025-10-14,NSE,EQ,EQ,BUY,False,1,415.25,802120785.0,,
LEHAR,INE976H01018,2025-10-14,BSE,EQ,EQ,BUY,False,20,243.55,1762800.0,,
LEHAR,INE976H01018,2025-10-10,BSE,EQ,EQ,SELL,False,20,248.0,1632900.0,,
JINDALSAW,INE324A01032,2025-10-09,NSE,EQ,EQ,BUY,False,10,202.29,200948653.0,,
OLAELEC,INE0LXG01040,2025-10-09,NSE,EQ,EQ,BUY,False,50,50.85,400948070.0,,
PNCINFRA,INE195J01029,2025-10-09,NSE,EQ,EQ,BUY,False,10,289.0,405629156.0,,
KPL,INE552U01010,2025-10-08,BSE,EQ,EQ,BUY,False,3,882.0,176700.0,,
KPL,INE552U01010,2025-10-08,BSE,EQ,EQ,BUY,False,8,882.0,183600.0,,
PNCINFRA,INE195J01029,2025-10-06,NSE,EQ,EQ,BUY,False,10,293.55,401184817.0,,
INOXWIND,INE066P01011,2025-10-06,NSE,EQ,EQ,BUY,False,2,139.3,207149872.0,,
POLYPLEX,INE633B01018,2025-10-06,NSE,EQ,EQ,BUY,False,1,1019.8,406484944.0,,
POLYPLEX,INE633B01018,2025-10-06,NSE,EQ,EQ,BUY,False,4,1019.9,406484945.0,,
TATAMOTORS,INE155A01022,2025-10-03,NSE,EQ,EQ,SELL,False,10,719.6,603420446.0,,
PNCINFRA,INE195J01029,2025-10-03,NSE,EQ,EQ,BUY,False,10,295.55,407828818.0,,
KPL,INE552U01010,2025-10-03,BSE,EQ,EQ,BUY,False,1,917.6,137500.0,,
BAJAJHFL,INE377Y01014,2025-10-01,NSE,EQ,EQ,BUY,False,20,110.58,731493.0,,
TATAMOTORS,INE155A01022,2025-09-26,NSE,EQ,EQ,BUY,False,6,670.35,600674526.0,,
TATAMOTORS,INE155A01022,2025-09-26,NSE,EQ,EQ,BUY,False,4,670.35,600674527.0,,
INOXWIND,INE066P01011,2025-09-26,NSE,EQ,EQ,BUY,False,70,139.1,203442780.0,,
542669,INE374E01021,2025-09-26,BSE,EQ,EQ,BUY,False,2,44.63,5309300.0,,
542669,INE374E01021,2025-09-26,BSE,EQ,EQ,BUY,False,2,44.7,4570600.0,,
KPL,INE552U01010,2025-09-26,BSE,EQ,EQ,BUY,False,21,898.15,4677200.0,,
LEHAR,INE976H01018,2025-09-26,BSE,EQ,EQ,BUY,False,80,249.45,3799400.0,,
BAJAJHFL,INE377Y01014,2025-09-25,NSE,EQ,EQ,BUY,False,30,111.44,5789224.0,,
INOXWIND,INE066P01011,2025-09-25,NSE,EQ,EQ,BUY,False,1,141.59,207142932.0,,
JINDALSAW,INE324A01032,2025-09-24,NSE,EQ,EQ,SELL,False,30,217.46,206543436.0,,
POLYPLEX,INE633B01018,2025-09-24,NSE,EQ,EQ,SELL,False,5,1084.8,405555380.0,,
542669,INE374E01021,2025-09-24,BSE,EQ,EQ,BUY,False,434,45.86,7470000.0,,
JINDALSAW,INE324A01032,2025-09-23,NSE,EQ,EQ,SELL,False,1,215.08,209011263.0,,
JINDALSAW,INE324A01032,2025-09-23,NSE,EQ,EQ,SELL,False,19,215.08,209011264.0,,
TCS,INE467B01029,2025-09-22,NSE,EQ,EQ,SELL,False,1,3085.2,600075021.0,,
TCS,INE467B01029,2025-09-22,NSE,EQ,EQ,SELL,False,4,3085.1,600075022.0,,
INOXWIND,INE066P01011,2025-09-22,NSE,EQ,EQ,BUY,False,7,151.68,200073183.0,,
SOLARINDS,INE343H01029,2025-09-22,NSE,EQ,EQ,BUY,False,1,14630.0,600080811.0,,
OLAELEC,INE0LXG01040,2025-09-22,NSE,EQ,EQ,SELL,False,40,57.05,403000170.0,,
INOXWIND,INE066P01011,2025-09-18,NSE,EQ,EQ,BUY,False,24,148.33,206112280.0,,
INOXWIND,INE066P01011,2025-09-18,NSE,EQ,EQ,BUY,False,1,148.33,206112281.0,,
INOXWIND,INE066P01011,2025-09-18,NSE,EQ,EQ,BUY,False,34,148.33,206112282.0,,
BAJAJHFL,INE377Y01014,2025-09-18,NSE,EQ,EQ,BUY,False,16,114.68,3766820.0,,
BAJAJHFL,INE377Y01014,2025-09-18,NSE,EQ,EQ,BUY,False,16,114.69,3759896.0,,
JINDALSAW,INE324A01032,2025-09-11,NSE,EQ,EQ,BUY,False,1,202.03,205791029.0,,
TATAMOTORS,INE155A01022,2025-09-10,NSE,EQ,EQ,SELL,False,10,711.0,600677908.0,,
POLYPLEX,INE633B01018,2025-09-10,NSE,EQ,EQ,BUY,False,3,1030.7,400526721.0,,
POLYPLEX,INE633B01018,2025-09-10,NSE,EQ,EQ,BUY,False,2,1031.6,400526722.0,,
JINDALSAW,INE324A01032,2025-09-10,BSE,EQ,EQ,BUY,False,7,203.15,81000.0,,
JINDALSAW,INE324A01032,2025-09-10,BSE,EQ,EQ,BUY,False,9,203.2,81200.0,,
JINDALSAW,INE324A01032,2025-09-10,BSE,EQ,EQ,BUY,False,4,203.45,81400.0,,
POLYPLEX,INE633B01018,2025-09-03,BSE,EQ,EQ,BUY,False,1,1021.8,3270100.0,,
JINDALSAW,INE324A01032,2025-09-01,NSE,EQ,EQ,BUY,False,20,199.77,201578432.0,,
OLAELEC,INE0LXG01040,2025-09-01,BSE,EQ,EQ,SELL,False,50,57.68,5804600.0,,
POLYPLEX,INE633B01018,2025-08-22,NSE,EQ,EQ,BUY,False,2,1027.0,402498817.0,,
OLAELEC,INE0LXG01040,2025-08-21,NSE,EQ,EQ,SELL,False,100,49.83,401172145.0,,
TATAMOTORS,INE155A01022,2025-08-19,NSE,EQ,EQ,SELL,False,5,702.6,602728086.0,,
JINDALSAW,INE324A01032,2025-08-19,NSE,EQ,EQ,BUY,False,5,205.31,206672600.0,,
JINDALSAW,INE324A01032,2025-08-19,NSE,EQ,EQ,BUY,False,4,205.31,206672601.0,,
JINDALSAW,INE324A01032,2025-08-19,NSE,EQ,EQ,BUY,False,4,205.32,206672602.0,,
JINDALSAW,INE324A01032,2025-08-19,NSE,EQ,EQ,BUY,False,7,205.32,206672603.0,,
TATATECH,INE142M01025,2025-08-14,NSE,EQ,EQ,BUY,False,4,670.0,600127221.0,,
TATATECH,INE142M01025,2025-08-14,NSE,EQ,EQ,BUY,False,1,670.0,600127222.0,,
BAJAJHFL,INE377Y01014,2025-08-14,BSE,EQ,EQ,BUY,False,20,113.95,1312900.0,,
AARTIIND,INE769A01020,2025-08-13,NSE,EQ,EQ,BUY,False,10,380.25,471694.0,,
OLAELEC,INE0LXG01040,2025-08-13,BSE,EQ,EQ,BUY,False,20,40.56,2423900.0,,
TATAMOTORS,INE155A01022,2025-08-11,NSE,EQ,EQ,BUY,False,5,645.0,601630270.0,,
TATAMOTORS,INE155A01022,2025-08-08,BSE,EQ,EQ,BUY,False,1,652.4,322800.0,,
TATAMOTORS,INE155A01022,2025-08-08,BSE,EQ,EQ,BUY,False,4,652.45,323000.0,,
TATAINVEST,INE672A01018,2025-08-07,NSE,EQ,EQ,SELL,False,2,6920.5,601188523.0,,
TCS,INE467B01029,2025-08-04,NSE,EQ,EQ,BUY,False,5,3051.0,605656977.0,,
JINDALSAW,INE324A01032,2025-08-04,NSE,EQ,EQ,BUY,False,20,210.3,206528425.0,,
PNCINFRA,INE195J01029,2025-07-31,BSE,EQ,EQ,SELL,False,8,316.6,8629900.0,,
PNCINFRA,INE195J01029,2025-07-31,BSE,EQ,EQ,SELL,False,12,316.55,8630100.0,,
BAJAJHFL,INE377Y01014,2025-07-30,NSE,EQ,EQ,BUY,False,30,117.0,705113.0,,
JINDALSAW,INE324A01032,2025-07-29,BSE,EQ,EQ,BUY,False,10,215.15,87600.0,,
PNCINFRA,INE195J01029,2025-07-28,NSE,EQ,EQ,BUY,False,3,304.35,401896381.0,,
PNCINFRA,INE195J01029,2025-07-28,NSE,EQ,EQ,BUY,False,7,304.35,401897583.0,,
POLYPLEX,INE633B01018,2025-07-24,NSE,EQ,EQ,BUY,False,9,1135.0,400387624.0,,
POLYPLEX,INE633B01018,2025-07-24,NSE,EQ,EQ,BUY,False,1,1135.0,400387625.0,,
TATAMOTORS,INE155A01022,2025-07-23,NSE,EQ,EQ,BUY,False,5,690.0,600477672.0,,
OLAELEC,INE0LXG01040,2025-07-23,BSE,EQ,EQ,BUY,False,30,40.98,4503900.0,,
JINDALSAW,INE324A01032,2025-07-22,BSE,EQ,EQ,BUY,False,10,229.4,559800.0,,
ASIANPAINT,INE021A01026,2025-07-21,BSE,EQ,EQ,SELL,False,1,2370.05,4446500.0,,
PNCINFRA,INE195J01029,2025-07-17,BSE,EQ,EQ,SELL,False,20,330.2,1794600.0,,
OLAELEC,INE0LXG01040,2025-07-14,NSE,EQ,EQ,BUY,False,20,40.75,402532003.0,,
JINDALSAW,INE324A01032,2025-07-11,NSE,EQ,EQ,BUY,False,10,228.5,201230081.0,,
PNCINFRA,INE195J01029,2025-07-09,NSE,EQ,EQ,BUY,False,10,304.85,407137481.0,,
JINDALSAW,INE324A01032,2025-07-07,NSE,EQ,EQ,BUY,False,10,231.55,205931391.0,,
PNCINFRA,INE195J01029,2025-06-27,NSE,EQ,EQ,BUY,False,10,304.0,402861600.0,,
TATATECH,INE142M01025,2025-06-27,NSE,EQ,EQ,BUY,False,5,715.0,600571905.0,,
TATAMOTORS,INE155A01022,2025-06-27,NSE,EQ,EQ,BUY,False,5,690.0,600499320.0,,
OLAELEC,INE0LXG01040,2025-06-27,NSE,EQ,EQ,BUY,False,30,44.25,402401311.0,,
JINDALSAW,INE324A01032,2025-06-26,NSE,EQ,EQ,BUY,False,49,240.69,206380715.0,,
JINDALSAW,INE324A01032,2025-06-26,NSE,EQ,EQ,BUY,False,1,240.69,206090392.0,,
TATATECH,INE142M01025,2025-06-25,NSE,EQ,EQ,BUY,False,3,700.8,603605036.0,,
TATAMOTORS,INE155A01022,2025-06-25,NSE,EQ,EQ,BUY,False,5,675.5,603620840.0,,
BAJAJHFL,INE377Y01014,2025-06-20,NSE,EQ,EQ,BUY,False,20,119.5,5456326.0,,
OLAELEC,INE0LXG01040,2025-06-17,NSE,EQ,EQ,BUY,False,20,47.5,400931574.0,,
TATAMOTORS,INE155A01022,2025-06-16,NSE,EQ,EQ,BUY,False,5,685.0,603841049.0,,
SOUTHBANK,INE683A01023,2025-06-13,NSE,EQ,EQ,SELL,False,144,28.91,600076419.0,,
SOUTHBANK,INE683A01023,2025-06-13,NSE,EQ,EQ,SELL,False,456,28.91,600076420.0,,
ASIANPAINT,INE021A01026,2025-06-10,NSE,EQ,EQ,BUY,False,1,2222.9,5885507.0,,
PNCINFRA,INE195J01029,2025-06-05,NSE,EQ,EQ,SELL,False,10,299.85,401360351.0,,
AARTIIND,INE769A01020,2025-05-21,NSE,EQ,EQ,SELL,False,10,469.3,3771868.0,,
TATAMOTORS,INE155A01022,2025-05-20,NSE,EQ,EQ,SELL,False,5,722.0,605596937.0,,
OLAELEC,INE0LXG01040,2025-05-20,NSE,EQ,EQ,BUY,False,10,51.64,405304084.0,,
COCHINSHIP,INE704P01025,2025-05-19,NSE,EQ,EQ,SELL,False,11,1990.0,2120496.0,,
PNCINFRA,INE195J01029,2025-05-14,NSE,EQ,EQ,BUY,False,1,262.6,400031324.0,,
PNCINFRA,INE195J01029,2025-05-14,NSE,EQ,EQ,BUY,False,2,262.8,400031325.0,,
PNCINFRA,INE195J01029,2025-05-14,NSE,EQ,EQ,BUY,False,7,262.85,400031326.0,,
YUKEN,INE384C01016,2025-05-14,NSE,EQ,EQ,SELL,False,3,852.8,600109452.0,,
YUKEN,INE384C01016,2025-05-14,NSE,EQ,EQ,SELL,False,7,852.75,600109453.0,,
TATAMOTORS,INE155A01022,2025-05-13,NSE,EQ,EQ,SELL,False,5,705.0,607671324.0,,
TATATECH,INE142M01025,2025-05-12,NSE,EQ,EQ,BUY,False,5,685.0,604499918.0,,
YUKEN,INE384C01016,2025-05-08,NSE,EQ,EQ,BUY,False,5,795.0,600211421.0,,
OLAELEC,INE0LXG01040,2025-05-06,NSE,EQ,EQ,BUY,False,20,49.5,400155073.0,,
ASIANPAINT,INE021A01026,2025-05-02,NSE,EQ,EQ,SELL,False,1,2398.4,5012154.0,,
YUKEN,INE384C01016,2025-04-30,NSE,EQ,EQ,BUY,False,1,819.9,607381783.0,,
YUKEN,INE384C01016,2025-04-30,NSE,EQ,EQ,BUY,False,2,819.9,607381784.0,,
YUKEN,INE384C01016,2025-04-30,NSE,EQ,EQ,BUY,False,1,819.95,607381785.0,,
YUKEN,INE384C01016,2025-04-30,NSE,EQ,EQ,BUY,False,1,819.95,607381786.0,,
OLAELEC,INE0LXG01040,2025-04-29,NSE,EQ,EQ,BUY,False,20,50.5,400052280.0,,
OLAELEC,INE0LXG01040,2025-04-24,NSE,EQ,EQ,BUY,False,20,52.79,401184476.0,,
YUKEN,INE384C01016,2025-04-23,NSE,EQ,EQ,SELL,False,6,857.05,601638008.0,,
TATATECH,INE142M01025,2025-04-21,NSE,EQ,EQ,BUY,False,5,665.0,600784183.0,,
OLAELEC,INE0LXG01040,2025-04-15,NSE,EQ,EQ,BUY,False,1,50.96,403717907.0,,
OLAELEC,INE0LXG01040,2025-04-15,NSE,EQ,EQ,BUY,False,9,50.96,403717908.0,,
OLAELEC,INE0LXG01040,2025-04-15,NSE,EQ,EQ,BUY,False,2,50.96,403717909.0,,
OLAELEC,INE0LXG01040,2025-04-15,NSE,EQ,EQ,BUY,False,2,50.96,403717910.0,,
OLAELEC,INE0LXG01040,2025-04-15,NSE,EQ,EQ,BUY,False,6,50.96,403717911.0,,
YUKEN,INE384C01016,2025-04-11,NSE,EQ,EQ,BUY,False,5,760.0,600613367.0,,
OLAELEC,INE0LXG01040,2025-04-11,NSE,EQ,EQ,BUY,False,20,51.25,400060480.0,,
AARTIIND,INE769A01020,2025-04-11,NSE,EQ,EQ,BUY,False,10,365.0,113253.0,,
YUKEN,INE384C01016,2025-04-09,NSE,EQ,EQ,BUY,False,1,775.0,600677182.0,,
LODHA,INE670K01029,2025-04-09,NSE,EQ,EQ,BUY,False,2,1104.8,401568319.0,,
OLAELEC,INE0LXG01040,2025-04-08,NSE,EQ,EQ,BUY,False,20,52.0,400173275.0,,
AARTIIND,INE769A01020,2025-04-08,NSE,EQ,EQ,BUY,False,10,363.0,385815.0,,
TATAMOTORS,INE155A01022,2025-04-08,NSE,EQ,EQ,BUY,False,5,592.0,601386187.0,,
AZAD,INE02IJ01035,2025-04-08,NSE,EQ,EQ,BUY,False,1,1256.85,2481054.0,,
AZAD,INE02IJ01035,2025-04-08,NSE,EQ,EQ,BUY,False,1,1256.9,2481055.0,,
ASIANPAINT,INE021A01026,2025-04-08,NSE,EQ,EQ,SELL,False,2,2400.0,3493740.0,,
AZAD,INE02IJ01035,2025-04-07,NSE,EQ,EQ,BUY,False,2,1222.8,2961260.0,,
COCHINSHIP,INE704P01025,2025-04-07,NSE,EQ,EQ,BUY,False,1,1294.95,2342596.0,,
HAL,INE066F01020,2025-04-07,NSE,EQ,EQ,SELL,False,5,3967.6,202609083.0,,
AZAD,INE02IJ01035,2025-04-07,NSE,EQ,EQ,BUY,False,1,1195.8,7560735.0,,
OLAELEC,INE0LXG01040,2025-04-01,NSE,EQ,EQ,BUY,False,20,53.97,400139935.0,,
YUKEN,INE384C01016,2025-04-01,NSE,EQ,EQ,BUY,False,1,810.0,600400107.0,,
YUKEN,INE384C01016,2025-04-01,NSE,EQ,EQ,BUY,False,4,810.0,600400108.0,,
COCHINSHIP,INE704P01025,2025-04-01,NSE,EQ,EQ,SELL,False,5,1385.05,3564268.0,,
TATAMOTORS,INE155A01022,2025-03-28,NSE,EQ,EQ,BUY,False,2,679.8,602900991.0,,
SOUTHBANK,INE683A01023,2025-03-28,NSE,EQ,EQ,SELL,False,100,23.08,606198285.0,,
AARTIIND,INE769A01020,2025-03-25,NSE,EQ,EQ,SELL,False,10,402.9,2204700.0,,
AZAD,INE02IJ01035,2025-03-25,NSE,EQ,EQ,SELL,False,1,1425.25,2806792.0,,
AZAD,INE02IJ01035,2025-03-25,NSE,EQ,EQ,SELL,False,1,1425.25,2806793.0,,
AZAD,INE02IJ01035,2025-03-25,NSE,EQ,EQ,SELL,False,1,1425.25,2806794.0,,
LODHA,INE670K01029,2025-03-25,NSE,EQ,EQ,SELL,False,5,1200.0,405460062.0,,
OLAELEC,INE0LXG01040,2025-03-21,NSE,EQ,EQ,BUY,False,20,52.47,400405362.0,,
COCHINSHIP,INE704P01025,2025-03-20,NSE,EQ,EQ,SELL,False,5,1425.1,1564250.0,,
TATAMOTORS,INE155A01022,2025-03-20,NSE,EQ,EQ,BUY,False,5,689.95,605420506.0,,
AARTIIND,INE769A01020,2025-03-19,NSE,EQ,EQ,BUY,False,10,395.0,826248.0,,
BAJAJHFL,INE377Y01014,2025-03-19,NSE,EQ,EQ,SELL,False,4,121.96,3911090.0,,
BAJAJHFL,INE377Y01014,2025-03-19,NSE,EQ,EQ,SELL,False,10,121.96,3911091.0,,
BAJAJHFL,INE377Y01014,2025-03-19,NSE,EQ,EQ,SELL,False,4,121.95,3911092.0,,
BAJAJHFL,INE377Y01014,2025-03-19,NSE,EQ,EQ,SELL,False,1,121.95,3911093.0,,
BAJAJHFL,INE377Y01014,2025-03-19,NSE,EQ,EQ,SELL,False,2,121.95,3911094.0,,
BAJAJHFL,INE377Y01014,2025-03-19,NSE,EQ,EQ,SELL,False,19,121.95,3911095.0,,
HAL,INE066F01020,2025-03-18,NSE,EQ,EQ,SELL,False,2,3564.95,203895187.0,,
LODHA,INE670K01029,2025-03-17,NSE,EQ,EQ,BUY,False,2,1044.05,400498299.0,,
AZAD,INE02IJ01035,2025-03-13,NSE,EQ,EQ,BUY,False,2,1280.0,5828114.0,,
COCHINSHIP,INE704P01025,2025-03-12,NSE,EQ,EQ,BUY,False,1,1280.0,440584.0,,
TATAMOTORS,INE155A01022,2025-03-12,NSE,EQ,EQ,BUY,False,5,664.35,600657103.0,,
OLAELEC,INE0LXG01040,2025-03-12,NSE,EQ,EQ,BUY,False,20,52.48,403152087.0,,
AZAD,INE02IJ01035,2025-03-12,NSE,EQ,EQ,BUY,False,2,1280.0,4627663.0,,
AARTIIND,INE769A01020,2025-03-12,NSE,EQ,EQ,BUY,False,10,392.0,6169079.0,,
LODHA,INE670K01029,2025-03-10,NSE,EQ,EQ,BUY,False,5,1100.0,404027652.0,,
LODHA,INE670K01029,2025-03-07,NSE,EQ,EQ,BUY,False,2,1112.1,406133256.0,,
LICI,INE0J1Y01017,2025-03-05,NSE,EQ,EQ,BUY,False,15,740.0,400273486.0,,
AZAD,INE02IJ01035,2025-03-05,NSE,EQ,EQ,SELL,False,4,1320.0,3139692.0,,
IRCTC,INE335Y01020,2025-03-05,NSE,EQ,EQ,BUY,False,20,685.0,201457044.0,,
TATATECH,INE142M01025,2025-03-05,NSE,EQ,EQ,BUY,False,5,665.0,601301625.0,,
ASIANPAINT,INE021A01026,2025-03-05,NSE,EQ,EQ,BUY,False,1,2141.2,3147270.0,,
COCHINSHIP,INE704P01025,2025-03-04,NSE,EQ,EQ,BUY,False,1,1237.6,686196.0,,
AZAD,INE02IJ01035,2025-03-04,NSE,EQ,EQ,BUY,False,2,1250.0,1135544.0,,
AARTIIND,INE769A01020,2025-03-04,NSE,EQ,EQ,BUY,False,5,385.0,1762372.0,,
OLAELEC,INE0LXG01040,2025-03-03,NSE,EQ,EQ,BUY,False,20,57.67,400052953.0,,
COCHINSHIP,INE704P01025,2025-03-03,NSE,EQ,EQ,BUY,False,1,1290.0,570665.0,,
SOUTHBANK,INE683A01023,2025-03-03,NSE,EQ,EQ,SELL,False,200,23.51,601498070.0,,
HAL,INE066F01020,2025-03-03,NSE,EQ,EQ,BUY,False,1,3149.65,200380540.0,,
SBIN,INE062A01020,2025-03-03,NSE,EQ,EQ,BUY,False,15,695.0,610395833.0,,
AZAD,INE02IJ01035,2025-02-28,NSE,EQ,EQ,BUY,False,2,1280.0,600147.0,,
LODHA,INE670K01029,2025-02-28,NSE,EQ,EQ,SELL,False,3,1125.2,412793949.0,,
HAL,INE066F01020,2025-02-25,NSE,EQ,EQ,BUY,False,1,3371.4,200061786.0,,
PNCINFRA,INE195J01029,2025-02-25,NSE,EQ,EQ,BUY,False,1,278.5,405914117.0,,
PNCINFRA,INE195J01029,2025-02-25,NSE,EQ,EQ,BUY,False,4,278.5,405914118.0,,
AARTIIND,INE769A01020,2025-02-24,NSE,EQ,EQ,BUY,False,5,404.0,385522.0,,
AZAD,INE02IJ01035,2025-02-21,NSE,EQ,EQ,SELL,False,2,1337.85,1286698.0,,
OLAELEC,INE0LXG01040,2025-02-21,NSE,EQ,EQ,BUY,False,10,62.36,401935216.0,,
COCHINSHIP,INE704P01025,2025-02-20,NSE,EQ,EQ,BUY,False,1,1297.4,700671.0,,
AZAD,INE02IJ01035,2025-02-20,NSE,EQ,EQ,BUY,False,2,1280.0,1177552.0,,
OLAELEC,INE0LXG01040,2025-02-20,NSE,EQ,EQ,BUY,False,20,62.0,405980481.0,,
TATAINVEST,INE672A01018,2025-02-19,NSE,EQ,EQ,BUY,False,1,5349.95,600398111.0,,
AZAD,INE02IJ01035,2025-02-19,NSE,EQ,EQ,BUY,False,3,1220.0,464910.0,,
COCHINSHIP,INE704P01025,2025-02-19,NSE,EQ,EQ,BUY,False,2,1265.0,465464.0,,
BEL,INE263A01024,2025-02-19,NSE,EQ,EQ,BUY,False,10,248.0,537429.0,,
TATAINVEST,INE672A01018,2025-02-19,NSE,EQ,EQ,SELL,False,1,5942.5,607044907.0,,
PNCINFRA,INE195J01029,2025-02-19,NSE,EQ,EQ,BUY,False,10,260.2,406106404.0,,
AZAD,INE02IJ01035,2025-02-14,NSE,EQ,EQ,BUY,False,2,1334.7,7204170.0,,
OLAELEC,INE0LXG01040,2025-02-13,NSE,EQ,EQ,BUY,False,30,66.0,402239880.0,,
COCHINSHIP,INE704P01025,2025-02-13,NSE,EQ,EQ,BUY,False,1,1316.05,347078.0,,
COCHINSHIP,INE704P01025,2025-02-12,NSE,EQ,EQ,BUY,False,1,1294.95,7549068.0,,
ASIANPAINT,INE021A01026,2025-02-12,NSE,EQ,EQ,BUY,False,1,2210.0,931847.0,,
AZAD,INE02IJ01035,2025-02-12,NSE,EQ,EQ,BUY,False,2,1359.65,1315739.0,,
OLAELEC,INE0LXG01040,2025-02-10,NSE,EQ,EQ,BUY,False,50,67.83,404726164.0,,
COCHINSHIP,INE704P01025,2025-02-10,NSE,EQ,EQ,BUY,False,1,1369.4,3750275.0,,
COCHINSHIP,INE704P01025,2025-02-07,NSE,EQ,EQ,BUY,False,2,1349.95,22729.0,,
YUKEN,INE384C01016,2025-02-07,NSE,EQ,EQ,BUY,False,2,900.0,600374368.0,,
COCHINSHIP,INE704P01025,2025-02-07,NSE,EQ,EQ,BUY,False,2,1358.35,960981.0,,
OLAELEC,INE0LXG01040,2025-02-06,NSE,EQ,EQ,SELL,False,50,71.93,404917620.0,,
PNCINFRA,INE195J01029,2025-02-05,NSE,EQ,EQ,BUY,False,5,299.0,404324833.0,,
TATATECH,INE142M01025,2025-02-05,NSE,EQ,EQ,BUY,False,2,785.0,601198830.0,,
YUKEN,INE384C01016,2025-02-04,NSE,EQ,EQ,BUY,False,3,890.0,600727271.0,,
TATAMOTORS,INE155A01022,2025-02-04,NSE,EQ,EQ,BUY,False,3,700.0,600607559.0,,
COCHINSHIP,INE704P01025,2025-02-03,NSE,EQ,EQ,BUY,False,2,1400.0,1405726.0,,
HAL,INE066F01020,2025-02-03,NSE,EQ,EQ,BUY,False,1,3575.0,201878581.0,,
PNCINFRA,INE195J01029,2025-02-03,NSE,EQ,EQ,BUY,False,10,294.55,409378125.0,,
HAL,INE066F01020,2025-02-01,NSE,EQ,EQ,SELL,False,1,3794.5,202377773.0,,
FIVESTAR,INE128S01021,2025-02-01,NSE,EQ,EQ,SELL,False,6,762.3,200075065.0,,
FIVESTAR,INE128S01021,2025-02-01,NSE,EQ,EQ,SELL,False,19,762.25,200075066.0,,
COCHINSHIP,INE704P01025,2025-02-01,NSE,EQ,EQ,SELL,False,3,1517.3,238351.0,,
BAJAJHFL,INE377Y01014,2025-02-01,NSE,EQ,EQ,SELL,False,30,117.5,2635228.0,,
YUKEN,INE384C01016,2025-01-31,NSE,EQ,EQ,BUY,False,3,875.0,600767985.0,,
TATAMOTORS,INE155A01022,2025-01-31,NSE,EQ,EQ,BUY,False,5,710.0,605982998.0,,
OLAELEC,INE0LXG01040,2025-01-30,NSE,EQ,EQ,BUY,False,10,66.87,401317797.0,,
YUKEN,INE384C01016,2025-01-29,NSE,EQ,EQ,BUY,False,2,870.0,600045764.0,,
OLAELEC,INE0LXG01040,2025-01-29,NSE,EQ,EQ,BUY,False,20,67.0,400411576.0,,
AZAD,INE02IJ01035,2025-01-28,NSE,EQ,EQ,SELL,False,1,1389.3,1086894.0,,
AZAD,INE02IJ01035,2025-01-28,NSE,EQ,EQ,SELL,False,1,1389.0,1086895.0,,
AZAD,INE02IJ01035,2025-01-28,NSE,EQ,EQ,SELL,False,3,1388.1,1086896.0,,
LODHA,INE670K01029,2025-01-28,NSE,EQ,EQ,BUY,False,2,1100.75,402010806.0,,
TATAMOTORS,INE155A01022,2025-01-28,NSE,EQ,EQ,BUY,False,5,730.0,606740049.0,,
BEL,INE263A01024,2025-01-28,NSE,EQ,EQ,BUY,False,10,256.25,5394295.0,,
COCHINSHIP,INE704P01025,2025-01-28,NSE,EQ,EQ,BUY,False,3,1354.0,5378270.0,,
HAL,INE066F01020,2025-01-28,NSE,EQ,EQ,BUY,False,1,3604.95,211960932.0,,
OLAELEC,INE0LXG01040,2025-01-28,NSE,EQ,EQ,BUY,False,4,65.2,413462365.0,,
OLAELEC,INE0LXG01040,2025-01-28,NSE,EQ,EQ,BUY,False,16,65.21,413462366.0,,
AARTIIND,INE769A01020,2025-01-27,NSE,EQ,EQ,SELL,False,10,418.1,3250094.0,,
LODHA,INE670K01029,2025-01-27,NSE,EQ,EQ,BUY,False,3,1101.3,400068052.0,,
BEL,INE263A01024,2025-01-27,NSE,EQ,EQ,BUY,False,10,264.95,213339.0,,
YUKEN,INE384C01016,2025-01-23,NSE,EQ,EQ,BUY,False,5,970.0,600331737.0,,
TATAMOTORS,INE155A01022,2025-01-23,NSE,EQ,EQ,BUY,False,5,744.45,600033357.0,,
FIVESTAR,INE128S01021,2025-01-22,NSE,EQ,EQ,BUY,False,1,634.7,200724155.0,,
FIVESTAR,INE128S01021,2025-01-22,NSE,EQ,EQ,BUY,False,4,634.75,200724156.0,,
TATATECH,INE142M01025,2025-01-21,NSE,EQ,EQ,BUY,False,4,820.0,600488763.0,,
TATATECH,INE142M01025,2025-01-21,NSE,EQ,EQ,BUY,False,1,820.0,600492397.0,,
ASIANPAINT,INE021A01026,2025-01-21,NSE,EQ,EQ,BUY,False,1,2300.0,3351758.0,,
YUKEN,INE384C01016,2025-01-20,NSE,EQ,EQ,BUY,False,10,985.95,604441659.0,,
BAJAJHFL,INE377Y01014,2025-01-20,NSE,EQ,EQ,BUY,False,5,115.0,4163356.0,,
BAJAJHFL,INE377Y01014,2025-01-20,NSE,EQ,EQ,BUY,False,5,115.0,4162012.0,,
COCHINSHIP,INE704P01025,2025-01-17,NSE,EQ,EQ,SELL,False,5,1489.7,2377402.0,,
ASIANPAINT,INE021A01026,2025-01-17,NSE,EQ,EQ,BUY,False,1,2260.0,3384299.0,,
LODHA,INE670K01029,2025-01-16,NSE,EQ,EQ,BUY,False,3,1139.9,400256416.0,,
FIVESTAR,INE128S01021,2025-01-15,NSE,EQ,EQ,SELL,False,10,636.4,202028731.0,,
LODHA,INE670K01029,2025-01-15,NSE,EQ,EQ,BUY,False,10,1130.0,402262981.0,,
HAPPSTMNDS,INE419U01012,2025-01-15,NSE,EQ,EQ,SELL,False,20,730.0,202900158.0,,
OLAELEC,INE0LXG01040,2025-01-15,NSE,EQ,EQ,BUY,False,10,73.25,408127893.0,,
COCHINSHIP,INE704P01025,2025-01-14,NSE,EQ,EQ,BUY,False,2,1406.0,372016.0,,
BEL,INE263A01024,2025-01-14,NSE,EQ,EQ,BUY,False,40,264.65,644109.0,,
PNCINFRA,INE195J01029,2025-01-14,NSE,EQ,EQ,BUY,False,5,288.0,402206610.0,,
PNCINFRA,INE195J01029,2025-01-14,NSE,EQ,EQ,BUY,False,15,288.0,402206611.0,,
OLAELEC,INE0LXG01040,2025-01-14,NSE,EQ,EQ,BUY,False,10,70.86,401490679.0,,
HAL,INE066F01020,2025-01-14,NSE,EQ,EQ,BUY,False,4,3850.0,203858406.0,,
BAJAJHFL,INE377Y01014,2025-01-14,NSE,EQ,EQ,BUY,False,20,115.0,4210502.0,,
BAJAJHFL,INE377Y01014,2025-01-14,NSE,EQ,EQ,BUY,False,10,115.0,4215435.0,,
AARTIIND,INE769A01020,2025-01-14,NSE,EQ,EQ,BUY,False,1,404.95,7088459.0,,
AARTIIND,INE769A01020,2025-01-14,NSE,EQ,EQ,BUY,False,1,405.0,7088460.0,,
AARTIIND,INE769A01020,2025-01-14,NSE,EQ,EQ,BUY,False,1,405.0,7088461.0,,
AARTIIND,INE769A01020,2025-01-14,NSE,EQ,EQ,BUY,False,1,405.0,7088462.0,,
AARTIIND,INE769A01020,2025-01-14,NSE,EQ,EQ,BUY,False,1,405.0,7088463.0,,
HAPPSTMNDS,INE419U01012,2025-01-13,NSE,EQ,EQ,SELL,False,10,729.55,201736588.0,,
OLAELEC,INE0LXG01040,2025-01-13,NSE,EQ,EQ,BUY,False,10,71.74,401956022.0,,
AARTIIND,INE769A01020,2025-01-13,NSE,EQ,EQ,SELL,False,11,422.0,5834302.0,,
AARTIIND,INE769A01020,2025-01-13,NSE,EQ,EQ,SELL,False,5,422.0,5834303.0,,
AARTIIND,INE769A01020,2025-01-13,NSE,EQ,EQ,SELL,False,1,422.0,5834304.0,,
AARTIIND,INE769A01020,2025-01-13,NSE,EQ,EQ,SELL,False,3,422.0,5834305.0,,
TATAINVEST,INE672A01018,2025-01-13,NSE,EQ,EQ,SELL,False,2,6131.05,608622398.0,,
,INF789F1AA98,2025-01-13,BMF,MF,MF,BUY,False,299,10.0,,,
YUKEN,INE384C01016,2025-01-09,NSE,EQ,EQ,SELL,False,10,1096.6,604623194.0,,
AARTIIND,INE769A01020,2025-01-09,NSE,EQ,EQ,BUY,False,5,405.0,156596.0,,
OLAELEC,INE0LXG01040,2025-01-09,NSE,EQ,EQ,BUY,False,20,76.8,404527891.0,,
BAJAJHFL,INE377Y01014,2025-01-08,NSE,EQ,EQ,BUY,False,20,124.0,2166238.0,,
ASIANPAINT,INE021A01026,2025-01-07,NSE,EQ,EQ,BUY,False,1,2289.6,212519.0,,
TATAMOTORS,INE155A01022,2025-01-07,NSE,EQ,EQ,BUY,False,1,777.6,600664080.0,,
HAPPSTMNDS,INE419U01012,2025-01-07,NSE,EQ,EQ,BUY,False,2,720.0,200523854.0,,
HAPPSTMNDS,INE419U01012,2025-01-07,NSE,EQ,EQ,BUY,False,3,720.0,200523855.0,,
AARTIIND,INE769A01020,2025-01-07,NSE,EQ,EQ,BUY,False,5,407.8,426364.0,,
BAJAJHFL,INE377Y01014,2025-01-06,NSE,EQ,EQ,BUY,False,20,128.0,39498.0,,
OLAELEC,INE0LXG01040,2025-01-06,NSE,EQ,EQ,SELL,False,50,79.93,403378247.0,,
TATATECH,INE142M01025,2025-01-03,NSE,EQ,EQ,BUY,False,3,910.0,601057772.0,,
AARTIIND,INE769A01020,2025-01-03,NSE,EQ,EQ,BUY,False,10,422.0,2322764.0,,
TATAMOTORS,INE155A01022,2025-01-03,NSE,EQ,EQ,SELL,False,5,790.0,607846707.0,,
TATAMOTORS,INE155A01022,2025-01-02,NSE,EQ,EQ,BUY,False,5,760.0,600049056.0,,
ASIANPAINT,INE021A01026,2025-01-01,NSE,EQ,EQ,BUY,False,2,2310.0,2034311.0,,
HAPPSTMNDS,INE419U01012,2025-01-01,NSE,EQ,EQ,BUY,False,5,725.7,205969166.0,,
COCHINSHIP,INE704P01025,2024-12-30,NSE,EQ,EQ,SELL,False,5,1532.05,457077.0,,
YUKEN,INE384C01016,2024-12-30,NSE,EQ,EQ,BUY,False,1,971.95,602001383.0,,
YUKEN,INE384C01016,2024-12-30,NSE,EQ,EQ,BUY,False,1,972.15,602001384.0,,
YUKEN,INE384C01016,2024-12-30,NSE,EQ,EQ,BUY,False,6,972.25,602001385.0,,
YUKEN,INE384C01016,2024-12-30,NSE,EQ,EQ,BUY,False,2,972.3,602001386.0,,
HAPPSTMNDS,INE419U01012,2024-12-30,NSE,EQ,EQ,SELL,False,10,752.95,207300779.0,,
BAJAJHFL,INE377Y01014,2024-12-27,NSE,EQ,EQ,BUY,False,20,128.0,1381312.0,,
HAPPSTMNDS,INE419U01012,2024-12-26,NSE,EQ,EQ,BUY,False,5,710.0,201030661.0,,
TATAMOTORS,INE155A01022,2024-12-26,NSE,EQ,EQ,BUY,False,5,744.95,603587744.0,,
AARTIIND,INE769A01020,2024-12-24,NSE,EQ,EQ,BUY,False,10,412.0,25498.0,,
TATAMOTORS,INE155A01022,2024-12-24,NSE,EQ,EQ,BUY,False,5,739.8,602618741.0,,
TATATECH,INE142M01025,2024-12-24,NSE,EQ,EQ,BUY,False,5,905.0,601154222.0,,
PNCINFRA,INE195J01029,2024-12-24,NSE,EQ,EQ,BUY,False,10,310.0,401509494.0,,
COCHINSHIP,INE704P01025,2024-12-24,NSE,EQ,EQ,BUY,False,2,1479.8,2740296.0,,
COCHINSHIP,INE704P01025,2024-12-23,NSE,EQ,EQ,BUY,False,2,1485.0,1002173.0,,
PNCINFRA,INE195J01029,2024-12-16,NSE,EQ,EQ,BUY,False,5,335.0,401316132.0,,
AARTIIND,INE769A01020,2024-12-13,NSE,EQ,EQ,BUY,False,5,433.8,589326.0,,
TATAMOTORS,INE155A01022,2024-12-13,NSE,EQ,EQ,BUY,False,2,788.2,600616364.0,,
SOUTHBANK,INE683A01023,2024-12-13,NSE,EQ,EQ,SELL,False,100,25.5,601271239.0,,
BAJAJHFL,INE377Y01014,2024-12-12,NSE,EQ,EQ,BUY,False,10,132.96,5708929.0,,
TATAMOTORS,INE155A01022,2024-12-12,NSE,EQ,EQ,BUY,False,3,788.15,606218502.0,,
PNCINFRA,INE195J01029,2024-12-11,NSE,EQ,EQ,SELL,False,10,344.7,402332035.0,,
FIVESTAR,INE128S01021,2024-12-11,NSE,EQ,EQ,BUY,False,4,633.8,202356517.0,,
FIVESTAR,INE128S01021,2024-12-11,NSE,EQ,EQ,BUY,False,1,633.8,202356518.0,,
HAPPSTMNDS,INE419U01012,2024-12-11,NSE,EQ,EQ,BUY,False,5,762.45,202434267.0,,
TATAMOTORS,INE155A01022,2024-12-10,NSE,EQ,EQ,SELL,False,5,810.0,604246945.0,,
TATATECH,INE142M01025,2024-12-10,NSE,EQ,EQ,BUY,False,2,948.55,604051346.0,,
FIVESTAR,INE128S01021,2024-12-10,NSE,EQ,EQ,BUY,False,5,631.8,203861904.0,,
TATAMOTORS,INE155A01022,2024-12-05,NSE,EQ,EQ,BUY,False,2,789.25,605360511.0,,
OLAELEC,INE0LXG01040,2024-12-05,NSE,EQ,EQ,SELL,False,30,96.0,400784790.0,,
PNCINFRA,INE195J01029,2024-12-03,NSE,EQ,EQ,BUY,False,10,298.5,401103293.0,,
HAPPSTMNDS,INE419U01012,2024-12-03,NSE,EQ,EQ,SELL,False,1,770.05,203823837.0,,
HAPPSTMNDS,INE419U01012,2024-12-03,NSE,EQ,EQ,SELL,False,6,770.0,203823838.0,,
HAPPSTMNDS,INE419U01012,2024-12-03,NSE,EQ,EQ,SELL,False,2,770.0,203823839.0,,
FIVESTAR,INE128S01021,2024-12-03,NSE,EQ,EQ,BUY,False,1,635.85,206690885.0,,
FIVESTAR,INE128S01021,2024-12-03,NSE,EQ,EQ,BUY,False,2,635.85,206690886.0,,
FIVESTAR,INE128S01021,2024-12-03,NSE,EQ,EQ,BUY,False,8,635.85,206690887.0,,
FIVESTAR,INE128S01021,2024-12-03,NSE,EQ,EQ,BUY,False,9,635.9,206690888.0,,
TATAMOTORS,INE155A01022,2024-12-02,NSE,EQ,EQ,BUY,False,2,789.95,600115625.0,,
BAJAJHFL,INE377Y01014,2024-12-02,NSE,EQ,EQ,SELL,False,7,133.91,410604.0,,
BAJAJHFL,INE377Y01014,2024-12-02,NSE,EQ,EQ,SELL,False,7,133.9,410605.0,,
BAJAJHFL,INE377Y01014,2024-12-02,NSE,EQ,EQ,SELL,False,16,133.9,410606.0,,
TATATECH,INE142M01025,2024-12-02,NSE,EQ,EQ,BUY,False,2,945.0,600876790.0,,
OLAELEC,INE0LXG01040,2024-11-29,NSE,EQ,EQ,SELL,False,35,89.91,401409883.0,,
TATATECH,INE142M01025,2024-11-28,NSE,EQ,EQ,BUY,False,1,949.8,601615814.0,,
TATATECH,INE142M01025,2024-11-28,NSE,EQ,EQ,BUY,False,1,949.8,601615815.0,,
COCHINSHIP,INE704P01025,2024-11-28,NSE,EQ,EQ,SELL,False,5,1563.0,4754307.0,,
TATAMOTORS,INE155A01022,2024-11-27,NSE,EQ,EQ,BUY,False,5,790.0,605909543.0,,
ASIANPAINT,INE021A01026,2024-11-25,NSE,EQ,EQ,BUY,False,1,2500.0,46384.0,,
SOUTHBANK,INE683A01023,2024-11-25,NSE,EQ,EQ,BUY,False,100,23.06,604890002.0,,
OLAELEC,INE0LXG01040,2024-11-25,NSE,EQ,EQ,BUY,False,20,70.74,405019603.0,,
TATATECH,INE142M01025,2024-11-25,NSE,EQ,EQ,BUY,False,3,953.7,604833690.0,,
BAJAJHFL,INE377Y01014,2024-11-25,NSE,EQ,EQ,BUY,False,20,129.94,4372307.0,,
OLAELEC,INE0LXG01040,2024-11-22,NSE,EQ,EQ,BUY,False,5,68.69,400998871.0,,
OLAELEC,INE0LXG01040,2024-11-22,NSE,EQ,EQ,BUY,False,15,68.69,400998872.0,,
BAJAJHFL,INE377Y01014,2024-11-22,NSE,EQ,EQ,BUY,False,20,128.0,3778289.0,,
SOUTHBANK,INE683A01023,2024-11-21,NSE,EQ,EQ,BUY,False,100,22.39,603756976.0,,
TATATECH,INE142M01025,2024-11-21,NSE,EQ,EQ,BUY,False,2,936.75,607914171.0,,
COCHINSHIP,INE704P01025,2024-11-21,NSE,EQ,EQ,BUY,False,2,1292.5,8766789.0,,
TATAMOTORS,INE155A01022,2024-11-19,NSE,EQ,EQ,BUY,False,5,790.0,600493600.0,,
TATATECH,INE142M01025,2024-11-19,NSE,EQ,EQ,BUY,False,2,955.0,602060526.0,,
TATATECH,INE142M01025,2024-11-19,NSE,EQ,EQ,BUY,False,3,955.0,602060628.0,,
COCHINSHIP,INE704P01025,2024-11-19,NSE,EQ,EQ,BUY,False,5,1330.0,35539.0,,
AARTIIND,INE769A01020,2024-11-18,NSE,EQ,EQ,BUY,False,5,431.65,846553.0,,
BAJAJHFL,INE377Y01014,2024-11-18,NSE,EQ,EQ,BUY,False,10,128.8,890601.0,,
OLAELEC,INE0LXG01040,2024-11-18,NSE,EQ,EQ,BUY,False,20,70.0,402523720.0,,
AARTIIND,INE769A01020,2024-11-14,NSE,EQ,EQ,BUY,False,5,431.75,849547.0,,
SOUTHBANK,INE683A01023,2024-11-14,NSE,EQ,EQ,BUY,False,100,22.7,601150724.0,,
LODHA,INE670K01029,2024-11-13,NSE,EQ,EQ,SELL,False,14,1218.95,400050786.0,,
PNCINFRA,INE195J01029,2024-11-13,NSE,EQ,EQ,BUY,False,5,304.5,404531552.0,,
TATATECH,INE142M01025,2024-11-13,NSE,EQ,EQ,BUY,False,2,975.5,603620304.0,,
SOUTHBANK,INE683A01023,2024-11-13,NSE,EQ,EQ,BUY,False,100,22.93,603076596.0,,
COCHINSHIP,INE704P01025,2024-11-13,NSE,EQ,EQ,BUY,False,1,1332.9,2948791.0,,
AARTIIND,INE769A01020,2024-11-13,NSE,EQ,EQ,BUY,False,20,436.0,3790799.0,,
BAJAJHFL,INE377Y01014,2024-11-12,NSE,EQ,EQ,BUY,False,10,133.1,1058907.0,,
TATATECH,INE142M01025,2024-11-12,NSE,EQ,EQ,BUY,False,2,999.95,601523899.0,,
HAPPSTMNDS,INE419U01012,2024-11-12,NSE,EQ,EQ,BUY,False,4,765.0,201419655.0,,
OLAELEC,INE0LXG01040,2024-11-11,NSE,EQ,EQ,BUY,False,20,72.5,403329148.0,,
POONAWALLA,INE511C01022,2024-11-11,NSE,EQ,EQ,SELL,False,9,355.1,407416818.0,,
POONAWALLA,INE511C01022,2024-11-11,NSE,EQ,EQ,SELL,False,19,355.0,407416819.0,,
POONAWALLA,INE511C01022,2024-11-11,NSE,EQ,EQ,SELL,False,2,353.5,407416820.0,,
POONAWALLA,INE511C01022,2024-11-11,NSE,EQ,EQ,SELL,False,29,353.65,407416829.0,,
POONAWALLA,INE511C01022,2024-11-11,NSE,EQ,EQ,SELL,False,1,353.65,407416830.0,,
AZAD,INE02IJ01035,2024-11-08,NSE,EQ,EQ,SELL,False,10,1638.6,93231.0,,
ASIANPAINT,INE021A01026,2024-11-08,NSE,EQ,EQ,SELL,False,4,2819.0,332008.0,,
TATAMOTORS,INE155A01022,2024-11-08,NSE,EQ,EQ,BUY,False,5,805.0,604450517.0,,
COCHINSHIP,INE704P01025,2024-11-08,NSE,EQ,EQ,BUY,False,1,1476.8,643594.0,,
OLAELEC,INE0LXG01040,2024-11-08,NSE,EQ,EQ,BUY,False,10,73.2,406637048.0,,
OLAELEC,INE0LXG01040,2024-11-06,NSE,EQ,EQ,BUY,False,20,75.0,400052994.0,,
TATAMOTORS,INE155A01022,2024-11-06,NSE,EQ,EQ,BUY,False,5,835.5,601072884.0,,
NH,INE410P01011,2024-11-05,NSE,EQ,EQ,BUY,False,5,1189.45,403497576.0,,
OLAELEC,INE0LXG01040,2024-11-05,NSE,EQ,EQ,BUY,False,10,78.32,400341742.0,,
PNCINFRA,INE195J01029,2024-11-04,NSE,EQ,EQ,BUY,False,10,319.95,402480403.0,,
OLAELEC,INE0LXG01040,2024-11-04,NSE,EQ,EQ,BUY,False,2,79.98,402347469.0,,
OLAELEC,INE0LXG01040,2024-11-04,NSE,EQ,EQ,BUY,False,1,79.98,402347470.0,,
OLAELEC,INE0LXG01040,2024-11-04,NSE,EQ,EQ,BUY,False,7,79.98,402347471.0,,
TATAMOTORS,INE155A01022,2024-11-04,NSE,EQ,EQ,BUY,False,5,826.3,602381394.0,,
SOUTHBANK,INE683A01023,2024-11-04,NSE,EQ,EQ,SELL,False,200,24.1,603978564.0,,
TATAMOTORS,INE155A01022,2024-11-01,NSE,EQ,EQ,BUY,False,10,846.0,600794551.0,,
HAPPSTMNDS,INE419U01012,2024-11-01,NSE,EQ,EQ,BUY,False,5,770.0,201476010.0,,
POONAWALLA,INE511C01022,2024-10-31,NSE,EQ,EQ,SELL,False,10,360.0,405242827.0,,
HDFCBANK,INE040A01034,2024-10-31,NSE,EQ,EQ,SELL,False,8,1720.0,205211342.0,,
HDFCBANK,INE040A01034,2024-10-31,NSE,EQ,EQ,SELL,False,2,1720.0,205211343.0,,
POONAWALLA,INE511C01022,2024-10-31,NSE,EQ,EQ,SELL,False,14,360.8,407582866.0,,
OLAELEC,INE0LXG01040,2024-10-30,NSE,EQ,EQ,BUY,False,5,77.0,404376118.0,,
COCHINSHIP,INE704P01025,2024-10-30,NSE,EQ,EQ,BUY,False,1,1467.0,3348569.0,,
BAJAJHFL,INE377Y01014,2024-10-29,NSE,EQ,EQ,BUY,False,10,130.9,1295045.0,,
TATATECH,INE142M01025,2024-10-29,NSE,EQ,EQ,BUY,False,5,1007.7,601708725.0,,
OLAELEC,INE0LXG01040,2024-10-29,NSE,EQ,EQ,BUY,False,10,76.83,401523463.0,,
POONAWALLA,INE511C01022,2024-10-29,NSE,EQ,EQ,BUY,False,5,311.85,401513820.0,,
AZAD,INE02IJ01035,2024-10-29,NSE,EQ,EQ,BUY,False,2,1415.1,1257917.0,,
COCHINSHIP,INE704P01025,2024-10-29,NSE,EQ,EQ,BUY,False,2,1405.0,1142939.0,,
AZAD,INE02IJ01035,2024-10-28,NSE,EQ,EQ,BUY,False,1,1417.35,4447367.0,,
OLAELEC,INE0LXG01040,2024-10-28,NSE,EQ,EQ,BUY,False,10,79.94,405171376.0,,
POONAWALLA,INE511C01022,2024-10-25,NSE,EQ,EQ,BUY,False,5,352.2,403572047.0,,
SOUTHBANK,INE683A01023,2024-10-25,NSE,EQ,EQ,BUY,False,100,22.75,607325974.0,,
TATATECH,INE142M01025,2024-10-25,NSE,EQ,EQ,BUY,False,5,1017.0,603118799.0,,
AZAD,INE02IJ01035,2024-10-25,NSE,EQ,EQ,BUY,False,2,1404.35,2807051.0,,
BAJAJHFL,INE377Y01014,2024-10-24,NSE,EQ,EQ,BUY,False,20,133.98,752659.0,,
LODHA,INE670K01029,2024-10-24,NSE,EQ,EQ,BUY,False,2,1074.0,401064890.0,,
POONAWALLA,INE511C01022,2024-10-23,NSE,EQ,EQ,BUY,False,10,358.0,401768202.0,,
SOUTHBANK,INE683A01023,2024-10-23,NSE,EQ,EQ,BUY,False,200,23.36,601536185.0,,
LODHA,INE670K01029,2024-10-23,NSE,EQ,EQ,BUY,False,2,1054.2,401711243.0,,
PNCINFRA,INE195J01029,2024-10-22,NSE,EQ,EQ,BUY,False,10,341.35,401715976.0,,
LODHA,INE670K01029,2024-10-22,NSE,EQ,EQ,BUY,False,9,1120.4,402226992.0,,
LODHA,INE670K01029,2024-10-22,NSE,EQ,EQ,BUY,False,1,1120.45,402226993.0,,
COCHINSHIP,INE704P01025,2024-10-22,NSE,EQ,EQ,BUY,False,2,1486.0,1299191.0,,
SOUTHBANK,INE683A01023,2024-10-22,BSE,EQ,EQ,BUY,False,500,24.59,1491400.0,,
PNCINFRA,INE195J01029,2024-10-21,NSE,EQ,EQ,BUY,False,10,368.85,400946609.0,,
COCHINSHIP,INE704P01025,2024-10-21,NSE,EQ,EQ,BUY,False,2,1539.7,3751681.0,,
BERGEPAINT,INE463A01038,2024-10-18,NSE,EQ,EQ,SELL,False,2,549.7,4884331.0,,
BERGEPAINT,INE463A01038,2024-10-18,NSE,EQ,EQ,SELL,False,10,549.65,4884332.0,,
BERGEPAINT,INE463A01038,2024-10-18,NSE,EQ,EQ,SELL,False,18,549.65,4884333.0,,
AZAD,INE02IJ01035,2024-10-16,NSE,EQ,EQ,SELL,False,7,1545.55,779963.0,,
COCHINSHIP,INE704P01025,2024-10-16,NSE,EQ,EQ,BUY,False,2,1588.35,7780094.0,,
OLAELEC,INE0LXG01040,2024-10-15,NSE,EQ,EQ,BUY,False,10,89.67,400173900.0,,
OLAELEC,INE0LXG01040,2024-10-14,NSE,EQ,EQ,BUY,False,10,87.88,403678035.0,,
COCHINSHIP,INE704P01025,2024-10-14,NSE,EQ,EQ,BUY,False,2,1631.2,3180595.0,,
PNCINFRA,INE195J01029,2024-10-14,NSE,EQ,EQ,SELL,False,19,450.0,407841460.0,,
PNCINFRA,INE195J01029,2024-10-10,NSE,EQ,EQ,SELL,False,10,449.8,400346270.0,,
AZAD,INE02IJ01035,2024-10-10,NSE,EQ,EQ,SELL,False,2,1453.4,939099.0,,
AZAD,INE02IJ01035,2024-10-10,NSE,EQ,EQ,SELL,False,1,1453.3,939100.0,,
AZAD,INE02IJ01035,2024-10-10,NSE,EQ,EQ,SELL,False,2,1453.3,939101.0,,
COCHINSHIP,INE704P01025,2024-10-10,NSE,EQ,EQ,BUY,False,2,1676.0,958360.0,,
OLAELEC,INE0LXG01040,2024-10-08,NSE,EQ,EQ,BUY,False,10,91.92,404248809.0,,
AZAD,INE02IJ01035,2024-10-08,NSE,EQ,EQ,BUY,False,3,1363.2,2988231.0,,
BAJAJHFL,INE377Y01014,2024-10-08,NSE,EQ,EQ,BUY,False,14,138.0,498873.0,,
BAJAJHFL,INE377Y01014,2024-10-08,NSE,EQ,EQ,BUY,False,46,138.0,498874.0,,
PNCINFRA,INE195J01029,2024-10-08,NSE,EQ,EQ,BUY,False,4,423.05,404184858.0,,
PNCINFRA,INE195J01029,2024-10-08,NSE,EQ,EQ,BUY,False,1,424.0,404345214.0,,
PNCINFRA,INE195J01029,2024-10-08,NSE,EQ,EQ,BUY,False,4,424.0,404345215.0,,
COCHINSHIP,INE704P01025,2024-10-08,NSE,EQ,EQ,BUY,False,2,1615.0,2970818.0,,
COCHINSHIP,INE704P01025,2024-10-08,NSE,EQ,EQ,BUY,False,2,1600.5,3092235.0,,
TATATECH,INE142M01025,2024-10-07,NSE,EQ,EQ,SELL,False,7,1038.55,603139150.0,,
NH,INE410P01011,2024-10-07,NSE,EQ,EQ,SELL,False,4,1200.0,404272577.0,,
AZAD,INE02IJ01035,2024-10-04,NSE,EQ,EQ,BUY,False,5,1386.2,778863.0,,
NH,INE410P01011,2024-10-04,NSE,EQ,EQ,SELL,False,5,1206.0,401438618.0,,
PNCINFRA,INE195J01029,2024-10-04,NSE,EQ,EQ,BUY,False,2,425.4,401509180.0,,
PNCINFRA,INE195J01029,2024-10-04,NSE,EQ,EQ,BUY,False,1,425.4,401509181.0,,
PNCINFRA,INE195J01029,2024-10-04,NSE,EQ,EQ,BUY,False,1,425.4,401509182.0,,
PNCINFRA,INE195J01029,2024-10-04,NSE,EQ,EQ,BUY,False,6,425.4,401509183.0,,
OLAELEC,INE0LXG01040,2024-10-04,NSE,EQ,EQ,BUY,False,10,96.61,401257601.0,,
COCHINSHIP,INE704P01025,2024-10-04,NSE,EQ,EQ,BUY,False,3,1650.25,880558.0,,
AZAD,INE02IJ01035,2024-10-01,NSE,EQ,EQ,BUY,False,3,1452.2,296250.0,,
OLAELEC,INE0LXG01040,2024-10-01,NSE,EQ,EQ,BUY,False,10,100.07,400641059.0,,
HAPPSTMNDS,INE419U01012,2024-09-30,NSE,EQ,EQ,SELL,False,5,811.1,207228723.0,,
AZAD,INE02IJ01035,2024-09-30,NSE,EQ,EQ,BUY,False,2,1460.4,5766327.0,,
OLAELEC,INE0LXG01040,2024-09-30,NSE,EQ,EQ,BUY,False,10,100.7,408422536.0,,
COCHINSHIP,INE704P01025,2024-09-30,NSE,EQ,EQ,BUY,False,1,1718.35,5805924.0,,
OLAELEC,INE0LXG01040,2024-09-25,NSE,EQ,EQ,BUY,False,14,106.28,401408131.0,,
OLAELEC,INE0LXG01040,2024-09-25,NSE,EQ,EQ,BUY,False,36,106.29,401408132.0,,
PNCINFRA,INE195J01029,2024-09-24,NSE,EQ,EQ,BUY,False,5,434.45,406506524.0,,
AZAD,INE02IJ01035,2024-09-20,NSE,EQ,EQ,BUY,False,2,1479.8,1268941.0,,
COCHINSHIP,INE704P01025,2024-09-20,NSE,EQ,EQ,BUY,False,1,1727.25,1194003.0,,
PNCINFRA,INE195J01029,2024-09-20,NSE,EQ,EQ,BUY,False,10,438.0,401469435.0,,
AZAD,INE02IJ01035,2024-09-19,NSE,EQ,EQ,BUY,False,1,1461.4,2501072.0,,
AZAD,INE02IJ01035,2024-09-19,NSE,EQ,EQ,BUY,False,3,1461.4,2501073.0,,
COCHINSHIP,INE704P01025,2024-09-19,NSE,EQ,EQ,BUY,False,1,1649.85,5181046.0,,
COCHINSHIP,INE704P01025,2024-09-19,NSE,EQ,EQ,BUY,False,1,1649.85,5181047.0,,
OLAELEC-BE-EQ,,11/21/2025,NSE,EQ,EQ,BUY,False,50,42.45,400405401,251121000037579,2025-11-21 14:54:30
